prompt,gold,pred,score,ok,reason,spans,tags
claim staking rewards on aave base,claim_rewards,claim_rewards,2.775406,True,,"[{'primitive': 'claim_rewards', 'term': 'claim', 'score': 1.0000001192092896, 't_center': 0.08333333333333333}, {'primitive': 'claim_rewards', 'term': 'staking rewards', 'score': 0.9562922146146238, 't_center': 0.3333333333333333}, {'primitive': 'claim_rewards', 'term': 'staking rewards on', 'score': 0.9436988301636183, 't_center': 0.4166666666666667}]","{'accepts': ['claim_rewards', 'stake_asset', 'unstake_asset'], 'scores': {'deposit_asset': 0.0, 'withdraw_asset': 0.0, 'swap_asset': 0.0, 'borrow_asset': 0.0, 'repay_asset': 0.0, 'stake_asset': 1.896597146987915, 'unstake_asset': 1.6793131828308105, 'claim_rewards': 2.7754063606262207}, 'nulls': {'deposit_asset': 0.0, 'withdraw_asset': 0.0, 'swap_asset': 0.0, 'borrow_asset': 0.0, 'repay_asset': 0.0, 'stake_asset': 1.8967158794403076, 'unstake_asset': 1.6793131828308105, 'claim_rewards': 2.780315637588501}, 'norm': {'n_tokens': 6}}"
pull out 2752.8264 ARB from lido,withdraw_asset,withdraw_asset,1.894145,True,,"[{'primitive': 'withdraw_asset', 'term': 'pull out', 'score': 1.0, 't_center': 0.14285714285714285}, {'primitive': 'withdraw_asset', 'term': 'pull', 'score': 0.892836445143011, 't_center': 0.07142857142857142}, {'primitive': 'withdraw_asset', 'term': 'from', 'score': 0.7077332735061646, 't_center': 0.7857142857142857}]","{'accepts': ['withdraw_asset', 'unstake_asset'], 'scores': {'deposit_asset': 0.0, 'withdraw_asset': 1.8941452503204346, 'swap_asset': 0.0, 'borrow_asset': 0.0, 'repay_asset': 0.0, 'stake_asset': 0.0, 'unstake_asset': 1.1825907230377197, 'claim_rewards': 0.0}, 'nulls': {'deposit_asset': 0.0, 'withdraw_asset': 2.0219104290008545, 'swap_asset': 0.0, 'borrow_asset': 0.0, 'repay_asset': 0.0, 'stake_asset': 0.0, 'unstake_asset': 1.1825907230377197, 'claim_rewards': 0.0}, 'norm': {'n_tokens': 7}}"
"restake 33.8529 MATIC with balancer on solana — this minute, use normal gas",stake_asset,stake_asset,2.508028,True,,"[{'primitive': 'stake_asset', 'term': 'restake', 'score': 1.0, 't_center': 0.038461538461538464}, {'primitive': 'stake_asset', 'term': 'restake 33', 'score': 0.814277172088623, 't_center': 0.07692307692307693}, {'primitive': 'stake_asset', 'term': 'restake 33 8529', 'score': 0.6937506198883057, 't_center': 0.11538461538461539}]","{'accepts': ['stake_asset'], 'scores': {'deposit_asset': 0.0, 'withdraw_asset': 0.0, 'swap_asset': 0.0, 'borrow_asset': 0.0, 'repay_asset': 0.0, 'stake_asset': 2.508028030395508, 'unstake_asset': 0.0, 'claim_rewards': 0.0}, 'nulls': {'deposit_asset': 0.0, 'withdraw_asset': 0.0, 'swap_asset': 0.0, 'borrow_asset': 0.0, 'repay_asset': 0.0, 'stake_asset': 2.508028030395508, 'unstake_asset': 0.0, 'claim_rewards': 0.0}, 'norm': {'n_tokens': 13}}"
deposit 4697 USDC into uniswap on base,deposit_asset,deposit_asset,2.443419,True,,"[{'primitive': 'deposit_asset', 'term': 'deposit', 'score': 1.0, 't_center': 0.07142857142857142}, {'primitive': 'deposit_asset', 'term': 'deposit 4697', 'score': 0.7582690715789795, 't_center': 0.14285714285714285}, {'primitive': 'deposit_asset', 'term': 'deposit 4697 usdc', 'score': 0.6851495504379272, 't_center': 0.21428571428571427}]","{'accepts': ['deposit_asset', 'unstake_asset'], 'scores': {'deposit_asset': 2.443418502807617, 'withdraw_asset': 0.8566179275512695, 'swap_asset': 0.5866872072219849, 'borrow_asset': 0.0, 'repay_asset': 0.0, 'stake_asset': 0.5033189058303833, 'unstake_asset': 1.6835403442382812, 'claim_rewards': 0.0}, 'nulls': {'deposit_asset': 2.443418502807617, 'withdraw_asset': 0.8899191617965698, 'swap_asset': 0.5866872072219849, 'borrow_asset': 0.0, 'repay_asset': 0.0, 'stake_asset': 0.5033189654350281, 'unstake_asset': 1.6914955377578735, 'claim_rewards': 0.0}, 'norm': {'n_tokens': 7}}"
supply 7.0245 SOL to maker,deposit_asset,deposit_asset,2.403501,True,,"[{'primitive': 'deposit_asset', 'term': 'supply', 'score': 1.0000001192092896, 't_center': 0.08333333333333333}, {'primitive': 'deposit_asset', 'term': 'supply 7', 'score': 0.7781437635421753, 't_center': 0.16666666666666666}, {'primitive': 'deposit_asset', 'term': 'supply 7 0245', 'score': 0.625357136087759, 't_center': 0.25}]","{'accepts': ['deposit_asset'], 'scores': {'deposit_asset': 2.403501033782959, 'withdraw_asset': 0.46810010075569153, 'swap_asset': 0.0, 'borrow_asset': 0.0, 'repay_asset': 0.0, 'stake_asset': 0.0, 'unstake_asset': 0.0, 'claim_rewards': 0.0}, 'nulls': {'deposit_asset': 2.403501033782959, 'withdraw_asset': 0.5123564004898071, 'swap_asset': 0.0, 'borrow_asset': 0.0, 'repay_asset': 0.0, 'stake_asset': 0.0, 'unstake_asset': 0.0, 'claim_rewards': 0.0}, 'norm': {'n_tokens': 6}}"
"convert 7064 USDT into LINK via sushiswap on arbitrum — minimize gas, safe mode",swap_asset,swap_asset,2.161005,True,,"[{'primitive': 'swap_asset', 'term': 'convert', 'score': 1.0, 't_center': 0.038461538461538464}, {'primitive': 'swap_asset', 'term': 'into', 'score': 0.5866871968880657, 't_center': 0.2692307692307692}, {'primitive': 'swap_asset', 'term': 'convert 7064', 'score': 0.574317455291748, 't_center': 0.07692307692307693}]","{'accepts': ['swap_asset', 'deposit_asset'], 'scores': {'deposit_asset': 1.2538812160491943, 'withdraw_asset': 0.5383731126785278, 'swap_asset': 2.1610045433044434, 'borrow_asset': 0.0, 'repay_asset': 0.0, 'stake_asset': 0.5033189058303833, 'unstake_asset': 0.0, 'claim_rewards': 0.0}, 'nulls': {'deposit_asset': 1.2538813352584839, 'withdraw_asset': 0.5383731126785278, 'swap_asset': 2.1610045433044434, 'borrow_asset': 0.0, 'repay_asset': 0.0, 'stake_asset': 0.5033189654350281, 'unstake_asset': 0.0, 'claim_rewards': 0.0}, 'norm': {'n_tokens': 13}}"
repay 2861.82 LINK on maker (optimism) — use normal gas,repay_asset,repay_asset,2.380891,True,,"[{'primitive': 'repay_asset', 'term': 'repay', 'score': 1.0, 't_center': 0.05}, {'primitive': 'repay_asset', 'term': 'repay 2861', 'score': 0.7130882143974304, 't_center': 0.1}, {'primitive': 'repay_asset', 'term': 'repay 2861 82', 'score': 0.6678025126457214, 't_center': 0.15}]","{'accepts': ['repay_asset'], 'scores': {'deposit_asset': 0.0, 'withdraw_asset': 0.5025017261505127, 'swap_asset': 0.0, 'borrow_asset': 0.6416099667549133, 'repay_asset': 2.3808908462524414, 'stake_asset': 0.0, 'unstake_asset': 0.0, 'claim_rewards': 0.0}, 'nulls': {'deposit_asset': 0.0, 'withdraw_asset': 0.5025017857551575, 'swap_asset': 0.0, 'borrow_asset': 0.6416099667549133, 'repay_asset': 2.3808908462524414, 'stake_asset': 0.0, 'unstake_asset': 0.0, 'claim_rewards': 0.0}, 'norm': {'n_tokens': 10}}"
collect incentives at balancer (base) — now,claim_rewards,claim_rewards,2.885194,True,,"[{'primitive': 'claim_rewards', 'term': 'collect incentives', 'score': 1.0, 't_center': 0.16666666666666666}, {'primitive': 'claim_rewards', 'term': 'collect incentives at', 'score': 0.9656234383583069, 't_center': 0.25}, {'primitive': 'claim_rewards', 'term': 'incentives', 'score': 0.9195700883865356, 't_center': 0.25}]","{'accepts': ['claim_rewards'], 'scores': {'deposit_asset': 0.0, 'withdraw_asset': 0.0, 'swap_asset': 0.0, 'borrow_asset': 0.0, 'repay_asset': 0.0, 'stake_asset': 0.0, 'unstake_asset': 0.0, 'claim_rewards': 2.8851935863494873}, 'nulls': {'deposit_asset': 0.0, 'withdraw_asset': 0.0, 'swap_asset': 0.0, 'borrow_asset': 0.0, 'repay_asset': 0.0, 'stake_asset': 0.0, 'unstake_asset': 0.0, 'claim_rewards': 2.885193347930908}, 'norm': {'n_tokens': 6}}"
delegate 4020.4921 OP to pendle (arbitrum),stake_asset,stake_asset,2.37671,True,,"[{'primitive': 'stake_asset', 'term': 'delegate', 'score': 1.0, 't_center': 0.07142857142857142}, {'primitive': 'stake_asset', 'term': 'delegate 4020', 'score': 0.7103394693338555, 't_center': 0.14285714285714285}, {'primitive': 'stake_asset', 'term': 'delegate 4020 4921', 'score': 0.6663702726364136, 't_center': 0.21428571428571427}]","{'accepts': ['stake_asset'], 'scores': {'deposit_asset': 0.0, 'withdraw_asset': 0.512383759021759, 'swap_asset': 0.0, 'borrow_asset': 0.0, 'repay_asset': 0.0, 'stake_asset': 2.3767099380493164, 'unstake_asset': 0.0, 'claim_rewards': 0.0}, 'nulls': {'deposit_asset': 0.0, 'withdraw_asset': 0.512383759021759, 'swap_asset': 0.0, 'borrow_asset': 0.0, 'repay_asset': 0.0, 'stake_asset': 2.3767096996307373, 'unstake_asset': 0.0, 'claim_rewards': 0.0}, 'norm': {'n_tokens': 7}}"
restake 1.876441 BTC with yearn on optimism — now,stake_asset,stake_asset,2.668569,True,,"[{'primitive': 'stake_asset', 'term': 'restake', 'score': 1.0, 't_center': 0.05555555555555555}, {'primitive': 'stake_asset', 'term': 'restake 1', 'score': 0.9159579873085022, 't_center': 0.1111111111111111}, {'primitive': 'stake_asset', 'term': 'restake 1 876441', 'score': 0.7526109218597412, 't_center': 0.16666666666666666}]","{'accepts': ['stake_asset'], 'scores': {'deposit_asset': 0.0, 'withdraw_asset': 0.0, 'swap_asset': 0.0, 'borrow_asset': 0.0, 'repay_asset': 0.0, 'stake_asset': 2.6685690879821777, 'unstake_asset': 0.0, 'claim_rewards': 0.0}, 'nulls': {'deposit_asset': 0.0, 'withdraw_asset': 0.0, 'swap_asset': 0.0, 'borrow_asset': 0.0, 'repay_asset': 0.0, 'stake_asset': 2.6685688495635986, 'unstake_asset': 0.0, 'claim_rewards': 0.0}, 'norm': {'n_tokens': 9}}"
restake 39.238 MATIC with lido on avalanche — immediately,stake_asset,stake_asset,2.438884,True,,"[{'primitive': 'stake_asset', 'term': 'restake', 'score': 1.0, 't_center': 0.05555555555555555}, {'primitive': 'stake_asset', 'term': 'restake 39', 'score': 0.8119191155530077, 't_center': 0.1111111111111111}, {'primitive': 'stake_asset', 'term': 'restake 39 238', 'score': 0.6269651055335999, 't_center': 0.16666666666666666}]","{'accepts': ['stake_asset'], 'scores': {'deposit_asset': 0.0, 'withdraw_asset': 0.0, 'swap_asset': 0.0, 'borrow_asset': 0.0, 'repay_asset': 0.0, 'stake_asset': 2.4388842582702637, 'unstake_asset': 0.0, 'claim_rewards': 0.0}, 'nulls': {'deposit_asset': 0.0, 'withdraw_asset': 0.0, 'swap_asset': 0.0, 'borrow_asset': 0.0, 'repay_asset': 0.0, 'stake_asset': 2.4388842582702637, 'unstake_asset': 0.0, 'claim_rewards': 0.0}, 'norm': {'n_tokens': 9}}"
claim staking rewards on sushiswap arbitrum — use fast gas,claim_rewards,claim_rewards,2.899991,True,,"[{'primitive': 'claim_rewards', 'term': 'claim', 'score': 1.0000001192092896, 't_center': 0.05555555555555555}, {'primitive': 'claim_rewards', 'term': 'staking rewards', 'score': 0.9562922146146238, 't_center': 0.2222222222222222}, {'primitive': 'claim_rewards', 'term': 'staking rewards on', 'score': 0.9436988301636183, 't_center': 0.2777777777777778}]","{'accepts': ['claim_rewards', 'stake_asset', 'unstake_asset'], 'scores': {'deposit_asset': 0.0, 'withdraw_asset': 0.0, 'swap_asset': 0.0, 'borrow_asset': 0.0, 'repay_asset': 0.0, 'stake_asset': 1.9003357887268066, 'unstake_asset': 1.6793131828308105, 'claim_rewards': 2.899991035461426}, 'nulls': {'deposit_asset': 0.0, 'withdraw_asset': 0.0, 'swap_asset': 0.0, 'borrow_asset': 0.0, 'repay_asset': 0.0, 'stake_asset': 1.9003359079360962, 'unstake_asset': 1.6793131828308105, 'claim_rewards': 2.899991035461426}, 'norm': {'n_tokens': 9}}"
reduce loan by 4808.8879 ARB on compound (solana) — this minute,repay_asset,borrow_asset,2.294164,True,,"[{'primitive': 'repay_asset', 'term': 'loan', 'score': 0.7471389770507812, 't_center': 0.13636363636363635}, {'primitive': 'repay_asset', 'term': 'reduce loan', 'score': 0.6992747008368194, 't_center': 0.09090909090909091}, {'primitive': 'repay_asset', 'term': 'loan by', 'score': 0.6528254747390747, 't_center': 0.18181818181818182}]","{'accepts': ['borrow_asset', 'repay_asset'], 'scores': {'deposit_asset': 0.5124937295913696, 'withdraw_asset': 0.0, 'swap_asset': 0.0, 'borrow_asset': 2.2941641807556152, 'repay_asset': 2.0992393493652344, 'stake_asset': 0.0, 'unstake_asset': 0.0, 'claim_rewards': 0.0}, 'nulls': {'deposit_asset': 0.5124937891960144, 'withdraw_asset': 0.0, 'swap_asset': 0.0, 'borrow_asset': 2.294163942337036, 'repay_asset': 2.0992391109466553, 'stake_asset': 0.0, 'unstake_asset': 0.0, 'claim_rewards': 0.0}, 'norm': {'n_tokens': 11}}"
remove 36.8239 SOL from aave,withdraw_asset,,0.0,False,abstain_or_wrong,"[{'primitive': 'withdraw_asset', 'term': 'from', 'score': 0.7077332735061646, 't_center': 0.75}, {'primitive': 'withdraw_asset', 'term': 'remove', 'score': 0.5500321388244629, 't_center': 0.08333333333333333}]","{'accepts': [], 'scores': {'deposit_asset': 0.0, 'withdraw_asset': 0.6612489223480225, 'swap_asset': 0.0, 'borrow_asset': 0.0, 'repay_asset': 0.0, 'stake_asset': 0.0, 'unstake_asset': 0.0, 'claim_rewards': 0.0}, 'nulls': {'deposit_asset': 0.0, 'withdraw_asset': 0.898719072341919, 'swap_asset': 0.0, 'borrow_asset': 0.0, 'repay_asset': 0.0, 'stake_asset': 0.0, 'unstake_asset': 0.0, 'claim_rewards': 0.0}, 'norm': {'n_tokens': 6}}"
harvest yield from maker on ethereum,claim_rewards,claim_rewards,2.656562,True,,"[{'primitive': 'claim_rewards', 'term': 'harvest', 'score': 1.0000001192092896, 't_center': 0.08333333333333333}, {'primitive': 'claim_rewards', 'term': 'harvest yield', 'score': 0.8382283449172974, 't_center': 0.16666666666666666}, {'primitive': 'claim_rewards', 'term': 'harvest yield from', 'score': 0.8183337937792416, 't_center': 0.25}]","{'accepts': ['claim_rewards', 'withdraw_asset'], 'scores': {'deposit_asset': 0.0, 'withdraw_asset': 1.587750792503357, 'swap_asset': 0.0, 'borrow_asset': 0.0, 'repay_asset': 0.0, 'stake_asset': 0.0, 'unstake_asset': 0.0, 'claim_rewards': 2.656562328338623}, 'nulls': {'deposit_asset': 0.0, 'withdraw_asset': 1.6045799255371094, 'swap_asset': 0.0, 'borrow_asset': 0.0, 'repay_asset': 0.0, 'stake_asset': 0.0, 'unstake_asset': 0.0, 'claim_rewards': 2.656562328338623}, 'norm': {'n_tokens': 6}}"
"collect incentives at compound (optimism) — use fast gas, normal mode",claim_rewards,claim_rewards,2.885194,True,,"[{'primitive': 'claim_rewards', 'term': 'collect incentives', 'score': 1.0, 't_center': 0.1}, {'primitive': 'claim_rewards', 'term': 'collect incentives at', 'score': 0.9656234383583069, 't_center': 0.15}, {'primitive': 'claim_rewards', 'term': 'incentives', 'score': 0.9195700883865356, 't_center': 0.15}]","{'accepts': ['claim_rewards'], 'scores': {'deposit_asset': 0.0, 'withdraw_asset': 0.0, 'swap_asset': 0.0, 'borrow_asset': 0.0, 'repay_asset': 0.0, 'stake_asset': 0.0, 'unstake_asset': 0.0, 'claim_rewards': 2.8851935863494873}, 'nulls': {'deposit_asset': 0.0, 'withdraw_asset': 0.0, 'swap_asset': 0.0, 'borrow_asset': 0.0, 'repay_asset': 0.0, 'stake_asset': 0.0, 'unstake_asset': 0.0, 'claim_rewards': 2.885193347930908}, 'norm': {'n_tokens': 10}}"
lock 0.668373 WBTC in pendle on avalanche,stake_asset,stake_asset,2.389896,True,,"[{'primitive': 'stake_asset', 'term': 'lock', 'score': 1.0000001192092896, 't_center': 0.0625}, {'primitive': 'stake_asset', 'term': 'lock 0', 'score': 0.7957417964935303, 't_center': 0.125}, {'primitive': 'stake_asset', 'term': 'lock 0 668373 wbtc', 'score': 0.5941544771194458, 't_center': 0.25}]","{'accepts': ['stake_asset', 'unstake_asset'], 'scores': {'deposit_asset': 0.6783140897750854, 'withdraw_asset': 0.0, 'swap_asset': 0.0, 'borrow_asset': 0.0, 'repay_asset': 0.0, 'stake_asset': 2.3898963928222656, 'unstake_asset': 1.8850858211517334, 'claim_rewards': 0.0}, 'nulls': {'deposit_asset': 0.6783140897750854, 'withdraw_asset': 0.0, 'swap_asset': 0.0, 'borrow_asset': 0.0, 'repay_asset': 0.0, 'stake_asset': 2.3898963928222656, 'unstake_asset': 1.885085940361023, 'claim_rewards': 0.0}, 'norm': {'n_tokens': 8}}"
unstake 786.2037 AAVE from lido on arbitrum,unstake_asset,unstake_asset,2.268034,True,,"[{'primitive': 'unstake_asset', 'term': 'unstake', 'score': 1.0000001192092896, 't_center': 0.0625}, {'primitive': 'unstake_asset', 'term': 'unstake 786', 'score': 0.6706355017802418, 't_center': 0.125}, {'primitive': 'unstake_asset', 'term': 'unstake 786 2037', 'score': 0.5973987339376648, 't_center': 0.1875}]","{'accepts': ['unstake_asset'], 'scores': {'deposit_asset': 0.0, 'withdraw_asset': 0.7077332735061646, 'swap_asset': 0.0, 'borrow_asset': 0.0, 'repay_asset': 0.0, 'stake_asset': 0.0, 'unstake_asset': 2.2680344581604004, 'claim_rewards': 0.0}, 'nulls': {'deposit_asset': 0.0, 'withdraw_asset': 0.7077332139015198, 'swap_asset': 0.0, 'borrow_asset': 0.0, 'repay_asset': 0.0, 'stake_asset': 0.0, 'unstake_asset': 2.2680344581604004, 'claim_rewards': 0.0}, 'norm': {'n_tokens': 8}}"
"withdraw staked 0.667255 WBTC from pendle optimism — right away, use normal gas",unstake_asset,unstake_asset,2.675608,True,,"[{'primitive': 'unstake_asset', 'term': 'withdraw staked', 'score': 1.0, 't_center': 0.07692307692307693}, {'primitive': 'unstake_asset', 'term': 'withdraw staked 0', 'score': 0.9154676198959351, 't_center': 0.11538461538461539}, {'primitive': 'unstake_asset', 'term': 'withdraw staked 0 667255', 'score': 0.7601406574249268, 't_center': 0.15384615384615385}]","{'accepts': ['unstake_asset', 'stake_asset', 'withdraw_asset'], 'scores': {'deposit_asset': 0.511926531791687, 'withdraw_asset': 2.239773750305176, 'swap_asset': 0.0, 'borrow_asset': 0.0, 'repay_asset': 0.0, 'stake_asset': 2.414471387863159, 'unstake_asset': 2.6756081581115723, 'claim_rewards': 0.0}, 'nulls': {'deposit_asset': 0.511926531791687, 'withdraw_asset': 2.246356725692749, 'swap_asset': 0.0, 'borrow_asset': 0.0, 'repay_asset': 0.0, 'stake_asset': 2.4144716262817383, 'unstake_asset': 2.6756081581115723, 'claim_rewards': 0.0}, 'norm': {'n_tokens': 13}}"
"collect incentives at maker (solana) — asap, use normal gas, normal mode",claim_rewards,claim_rewards,2.885194,True,,"[{'primitive': 'claim_rewards', 'term': 'collect incentives', 'score': 1.0, 't_center': 0.09090909090909091}, {'primitive': 'claim_rewards', 'term': 'collect incentives at', 'score': 0.9656234383583069, 't_center': 0.13636363636363635}, {'primitive': 'claim_rewards', 'term': 'incentives', 'score': 0.9195700883865356, 't_center': 0.13636363636363635}]","{'accepts': ['claim_rewards'], 'scores': {'deposit_asset': 0.0, 'withdraw_asset': 0.0, 'swap_asset': 0.0, 'borrow_asset': 0.0, 'repay_asset': 0.0, 'stake_asset': 0.0, 'unstake_asset': 0.0, 'claim_rewards': 2.8851935863494873}, 'nulls': {'deposit_asset': 0.0, 'withdraw_asset': 0.0, 'swap_asset': 0.0, 'borrow_asset': 0.0, 'repay_asset': 0.0, 'stake_asset': 0.0, 'unstake_asset': 0.0, 'claim_rewards': 2.885193347930908}, 'norm': {'n_tokens': 11}}"
